Fragment,156
IsotopeRatio,15N/UnSub
ScanByScan Avg R Val,0.02996328027259124
Integrated Avg R val,0.026999747311106156
N,6.0
ScanStdDev,0.017142568932163357
ScanStdError,0.006998424460714621
ScanRelStdError,0.23356669887430162
IntStdDev,0.01402168811931576
IntStdError,0.005724330204128118
IntRelStdError,0.21201421399130854
